{
  "DEFOLXUYNYAFORAAALL": {
    "frequencies": [
      173.5130615234375,
      47.115352630615234,
      80,
      186.67628479003906,
      320,
      593.2376098632812,
      1551.091796875,
      3258.18212890625,
      6319.19384765625,
      15343.548828125,
      5535.35400390625
    ],
    "gains": [
      8.615625381469727,
      6.015625,
      0,
      1.8156249523162842,
      0,
      -3.184375047683716,
      -1.584375023841858,
      2.815624952316284,
      3.4156250953674316,
      1.415624976158142,
      11.215624809265137
    ],
    "qs": [
      0.707099974155426,
      0.707099974155426,
      0.707099974155426,
      0.707099974155426,
      0.707099974155426,
      0.707099974155426,
      0.707099974155426,
      0.707099974155426,
      0.707099974155426,
      0.707099974155426,
      0.707099974155426
    ]
  },
  "highkey 38% vol": {
    "frequencies": [
      229.7843017578125,
      43.84831237792969,
      80,
      199.29229736328125,
      320,
      555.130615234375,
      1551.091796875,
      4519.10107421875,
      6319.19384765625,
      15231.8583984375,
      8516.2451171875
    ],
    "gains": [
      12.615625381469727,
      10.615625381469727,
      0,
      4.615624904632568,
      0,
      -5.984375,
      -1.584375023841858,
      10.215624809265137,
      3.4156250953674316,
      5.015625,
      13.415624618530273
    ],
    "qs": [
      0.707099974155426,
      0.707099974155426,
      0.707099974155426,
      0.707099974155426,
      0.707099974155426,
      0.707099974155426,
      0.707099974155426,
      0.707099974155426,
      0.707099974155426,
      0.707099974155426,
      0.707099974155426
    ]
  }
}